distance_m,time_s,speed_kph,throttle,brake,gear,rpm,x,y
0.055252488370257424,0.0,315.825,1.0,0.0,8,11165.6,-1372.5782415637757,-663.0240172207865
0.6727175694395926,0.007,315.8906232,1.0,0.0,8,11168.7499136,-1372.0,-656.0
20.56666666666667,0.232,318.0,1.0,0.0,8,11270.0,-1360.6609199511033,-520.7531216238248
32.54605465368378,0.367,318.74999893333336,1.0,0.0,8,11274.874993066667,-1354.0,-445.0
48.559351762930945,0.547,319.74999893333336,1.0,0.0,8,11281.374993066667,-1340.0,-287.0
52.56666666666666,0.592,320.0,1.0,0.0,8,11283.0,-1336.042837429246,-242.64212299699767
77.08493985552465,0.867,320.8593744,1.0,0.0,8,11295.890616,-1310.0,49.0
81.10000000000001,0.912,321.0,1.0,0.0,8,11298.0,-1305.71824912693,97.70664634184678
109.72222222222223,1.232,322.0,1.0,0.0,8,11422.0,-1277.040925273227,429.90391069920275
114.76934746687273,1.288,322.7,1.0,0.0,8,11425.15,-1273.0,477.0
138.70000000000002,1.552,326.0,1.0,0.0,8,11440.0,-1258.678864389091,643.8784132641052
154.58884759759965,1.727,326.5468744,1.0,0.0,8,11518.2030392,-1248.0,765.0
163.76612008263723,1.828,326.8624992,1.0,0.0,8,11563.3373856,-1240.0,855.0
167.76666666666668,1.872,327.0,1.0,0.0,8,11583.0,-1236.2212502065217,898.7567046781239
189.26757090663068,2.108,327.98333226666665,1.0,0.0,8,11603.6499776,-1214.0,1164.0
189.63333333333335,2.112,328.0,1.0,0.0,8,11604.0,-1213.6155049157599,1168.5045092729551
204.29999999999998,2.272,330.0,1.0,0.0,8,11586.0,-1198.1914008671172,1345.3272312493714
225.9059550210193,2.507,330.9791658666667,1.0,0.0,8,11604.604151466667,-1177.0,1584.0
226.36666666666667,2.512,331.0,1.0,0.0,8,11605.0,-1176.5948711246294,1588.6541633784514
268.5427768975393,2.968,332.9039673602541,1.0,0.0,8,11703.054319053088,-1146.0,1952.0
270.6741666666667,2.991,333.0,1.0,0.0,8,11708.0,-1144.5915443739136,1968.6492396679284
296.3663824131508,3.268,333.8656248,1.0,0.0,8,11772.92186,-1127.0,2173.0
300.36305555555555,3.311,334.0,1.0,0.0,8,11783.0,-1123.8410060550011,2209.1331083755513
315.34499999999997,3.472,335.0,1.0,0.0,8,11815.0,-1110.806633998929,2357.2360493606743
326.1336124413416,3.588,335.0,1.0,0.0,8,11762.8001152,-1101.0,2469.0
330.2338888888889,3.632,335.0,1.0,0.0,8,11743.0,-1097.2703148245032,2511.7082019943173
341.08034352255845,3.748,335.96666453333336,1.0,0.0,8,11786.983236266668,-1087.0,2630.0
352.7005555555555,3.872,337.0,1.0,0.0,8,11834.0,-1074.4432400630487,2775.9272033302223
356.0722596694693,3.908,337.0,1.0,0.0,8,11843.8999296,-1071.0,2816.0
371.42277777777775,4.072,337.0,1.0,0.0,8,11889.0,-1057.715060187367,2970.4741031966482
374.79073388163,4.108,337.0,1.0,0.0,8,11888.82000128,-1055.0,3002.0
390.145,4.272,337.0,1.0,0.0,8,11888.0,-1042.6388554913913,3145.2856778775513
399.168647448153,4.368,337.8,1.0,0.0,8,11899.6,-1034.0,3245.0
412.7449999999999,4.512,339.0,1.0,0.0,8,11917.0,-1017.8709850097273,3430.5328101768046
421.80979377309313,4.608,339.48,1.0,0.0,8,11931.88,-1008.0,3544.0
431.6338888888888,4.712,340.0,1.0,0.0,8,11948.0,-1000.0908474807921,3634.995916988758
446.74499999999995,4.872,340.0,1.0,0.0,8,11959.0,-991.7782448283098,3731.7628029295147
453.93549788006396,4.948,340.27142765714285,1.0,0.0,8,11978.271363657143,-987.0,3789.0
470.9930819319377,5.128,340.9142857142857,1.0,0.0,8,12023.914285714285,-973.0,3958.0
473.2672222222222,5.152,341.0,1.0,0.0,8,12030.0,-971.042058210405,3980.9756450030172
492.21166666666664,5.352,341.0,1.0,0.0,8,12090.0,-954.4949294008024,4167.922906852647
499.4079279671813,5.428,341.0,1.0,0.0,8,12108.0499392,-948.0,4241.0
514.9449999999999,5.592,341.0,1.0,0.0,8,12147.0,-933.5056063252198,4406.313350257221
533.9449999999999,5.792,342.0,1.0,0.0,8,12132.0,-914.9436808834307,4622.008384351293
568.245,6.152,343.0,1.0,0.0,8,12086.0,-880.3671804073886,5032.099390294421
587.3005555555555,6.352,343.0,1.0,0.0,8,12116.0,-864.1158107113686,5223.95532060569
602.545,6.512,343.0,1.0,0.0,8,12018.0,-853.1556829223382,5352.003547026066
605.8795821550982,6.547,343.0,1.0,0.0,8,12022.8124736,-851.0,5377.0
625.4116666666666,6.752,343.0,1.0,0.0,8,12051.0,-839.5499366736506,5508.066346638211
630.6535101421046,6.807,343.0,1.0,0.0,8,12051.0,-836.0,5548.0
644.4672222222222,6.952,343.0,1.0,0.0,8,12051.0,-824.7445587641673,5673.3897546849
664.8943188453308,7.167,342.23214354285716,1.0,0.0,8,12011.071464228571,-806.0,5889.0
671.0672222222222,7.232,342.0,1.0,0.0,8,11999.0,-800.7970804732433,5953.606986476538
683.8924849461891,7.367,342.0,1.0,0.0,8,12001.5312464,-790.0,6088.0
701.0873815397804,7.548,342.0,1.0,0.0,8,12004.9249952,-774.0,6268.0
701.4672222222222,7.552,342.0,1.0,0.0,8,12005.0,-773.6786535601073,6271.663793608902
721.8722917747257,7.767,342.0,1.0,0.0,8,11983.5000192,-758.0,6460.0
735.6672222222222,7.912,342.0,1.0,0.0,8,11969.0,-744.6154162166132,6625.717121716837
742.8236382201284,7.987,341.81250048,0.915625216,0.0,8,11935.81258496,-738.0,6706.0
767.5412977890516,8.247,341.16250048,0.623125216,0.0,8,11820.76258496,-720.0,6914.0
773.556111111111,8.312,341.0,0.55,1.0,8,11792.0,-715.2509047756203,6972.032796161984
785.8447749712445,8.448,326.72,0.17600000000000002,1.0,8,11388.76,-705.0,7100.0
791.3338888888889,8.512,320.0,0.0,1.0,8,11199.0,-700.4918201461109,7155.051222290134
809.3900347336341,8.747,282.5469056,0.0,1.0,8,10601.2192384,-684.0,7351.0
815.245,8.832,269.0,0.0,1.0,8,10385.0,-676.7256671775539,7437.812354298102
823.9542020315188,8.968,242.36666666666667,0.0,1.0,8,10370.833333333334,-665.0,7577.0
830.045,9.072,222.0,0.0,1.0,7,10360.0,-657.8436916900827,7659.406902357823
843.9651669309242,9.347,182.71431314285715,0.0,1.0,7,10918.838895542856,-645.0,7798.0
844.2005555555555,9.352,182.0,0.0,1.0,7,10929.0,-644.809818045141,7799.991172466639
853.2005555555555,9.552,162.0,0.0,1.0,7,10524.0,-638.2822469021506,7866.810723788665
863.2067626034211,9.808,144.17269241547896,0.0,1.0,7,10402.061216121876,-628.0,7946.0
866.8625,9.911,137.0,0.0,1.0,4,10353.0,-621.2901800443537,7987.1265286589005
868.8128924100888,9.968,133.87280891875483,0.0,1.0,4,10269.276566052118,-616.0,8012.0
878.3389985636026,10.268,117.4139779763497,0.0,1.0,4,9828.62877400318,-574.0,8142.0
879.6722222222222,10.312,115.0,0.0,1.0,2,9764.0,-570.2674389334209,8151.646304470077
884.3833333333333,10.472,106.0,0.0,1.0,2,9764.0,-562.2599739272382,8166.2537786548
885.9469416961042,10.528,104.075,0.0,1.0,2,9502.025,-557.0,8174.0
890.6770374810337,10.708,97.8875088,0.0,1.0,2,8659.9636976,-529.0,8215.0
892.8277777777778,10.792,95.0,0.0,1.0,2,8267.0,-515.4449856002341,8232.794827469761
896.8722222222223,10.952,91.0,0.0,1.0,2,7634.0,-489.3533456890928,8260.310311726758
899.7128766980936,11.068,88.68000512,0.0,1.0,2,7437.96043264,-460.0,8278.0
901.7055555555556,11.152,87.0,0.0,0.0,2,7296.0,-431.63781669189507,8290.098715735596
904.8021457914226,11.288,84.52727272727273,0.0061818181818181816,0.0,2,7300.945454545455,-385.0,8306.0
911.3611111111112,11.592,79.0,0.02,0.0,2,7312.0,-342.1092830723058,8314.090681330155
912.5664512519743,11.648,78.72,0.053599999999999995,0.0,2,7348.12,-334.0,8315.0
915.6944444444446,11.792,78.0,0.14,0.0,2,7441.0,-305.900303892255,8319.097765197434
918.7425067498876,11.928,79.94285714285714,0.28085714285714286,0.0,2,7562.914285714286,-272.0,8329.0
922.0722222222223,12.072,82.0,0.43,0.0,2,7692.0,-231.17937925849267,8349.140596747633
923.8951224008483,12.149,82.85555484444444,0.3380278542222222,0.0,2,7623.769501155555,-213.0,8360.0
930.5789120997407,12.428,85.95555271111111,0.004778083555555526,0.0,2,7376.544671288889,-180.0,8397.0
930.6722222222223,12.432,86.0,0.0,0.0,2,7373.0,-179.5700355319432,8397.902552860969
936.0722222222223,12.672,81.0,0.0,0.0,2,6946.0,-151.82222038794646,8470.148891418248
936.8393449326792,12.708,80.1000064,0.0038571154285714287,0.0,2,6937.642916571429,-149.0,8479.0
941.8277777777779,12.952,74.0,0.03,0.0,2,6881.0,-143.33414623021002,8512.060654896064
943.3639632180461,13.027,74.0,0.05812492799999999,0.0,2,6871.0000256,-143.0,8522.0
946.7611111111112,13.192,74.0,0.12,0.0,2,6849.0,-141.4481460472893,8552.258270137796
950.3646657480701,13.367,74.72916586666666,0.22937488000000003,0.0,2,7108.583048533334,-141.0,8593.0
951.7611111111112,13.432,75.0,0.27,0.0,2,7205.0,-141.81997332498162,8609.30278300556
955.7659733074684,13.607,79.77272203636363,0.34556809890909096,0.0,2,7553.806435490909,-146.0,8653.0
962.3944444444445,13.872,87.0,0.46,0.0,2,8082.0,-154.63870411038613,8705.22912384264
963.8314525496846,13.927,88.68054968888889,0.48902767644444445,0.0,2,8329.193581511112,-157.0,8717.0
970.3519038204804,14.167,96.01388302222222,0.615694343111111,0.0,2,9407.860248177778,-170.0,8777.0
972.1944444444445,14.232,98.0,0.65,0.0,2,9700.0,-174.19417943413788,8794.397406400527
974.97855888509,14.328,102.8,0.698,0.0,2,10178.2,-182.0,8825.0
976.9055555555556,14.392,106.0,0.73,0.0,2,10497.0,-189.26017676973203,8852.52738200975
981.8526337778044,14.547,114.7187392,0.77843744,0.0,2,10500.8749952,-209.0,8926.0
982.0166666666667,14.552,115.0,0.78,0.0,2,10501.0,-209.5090695708984,8927.885157093353
991.7388888888889,14.832,125.0,0.9,0.0,2,10342.0,-225.29890012091334,8985.70165954902
995.5137961276852,14.928,130.4,0.915,0.0,2,10371.25,-231.0,9007.0
1008.8973243449745,15.228,147.2749856,0.96187496,0.0,2,10462.656172,-260.0,9118.0
1017.3535153929193,15.408,157.4,0.99,0.0,2,10517.5,-281.0,9201.0
1020.3611111111111,15.472,161.0,1.0,0.0,4,10537.0,-287.3414651242859,9227.031193178567
1026.7087199882485,15.607,166.624992,1.0,0.0,4,10557.2499712,-300.0,9280.0
1031.7611111111112,15.712,171.0,1.0,0.0,4,10573.0,-312.0900788693916,9329.419404853605
1038.521584537665,15.847,179.437488,1.0,0.0,4,11004.1556368,-327.0,9391.0
1039.8055555555557,15.872,181.0,1.0,0.0,4,11084.0,-329.11244625165534,9400.136610290827
1041.619737943608,15.907,182.49999177142857,1.0,0.0,4,11125.374773028572,-332.0,9413.0
1054.8166666666668,16.152,193.0,1.0,0.0,4,11415.0,-360.76384841855844,9554.81938231411
1061.3104981371612,16.268,196.99999357993343,1.0,0.0,4,11099.364142965253,-373.0,9618.0
1072.8933333333334,16.471,204.0,1.0,0.0,4,10547.0,-386.5370242779268,9693.241633694362
1076.1484312203966,16.528,205.06211411226144,1.0,0.0,4,10624.180292157664,-390.0,9717.0
1082.1508333333336,16.632,207.0,1.0,0.0,5,10765.0,-396.82309967340586,9769.809229327951
1095.2551846191352,16.848,215.775,1.0,0.0,5,11095.75,-411.0,9902.0
1101.4578480406456,16.948,219.8374896,1.0,0.0,5,11248.874608,-416.0,9962.0
1101.7063888888893,16.952,220.0,1.0,0.0,5,11255.0,-416.17004889514715,9964.42067624485
1113.9396495428314,17.148,224.19999451428572,1.0,0.0,5,11518.199656228571,-422.0,10086.0
1119.2841666666668,17.232,226.0,1.0,0.0,5,11631.0,-423.7873821020617,10139.104583404876
1137.4440029244674,17.508,234.1545378909091,1.0,0.0,5,11143.609542981818,-427.0,10316.0
1148.495277777778,17.672,239.0,1.0,0.0,6,10854.0,-426.27826395763367,10422.558102472485
1150.9349629311378,17.708,239.7999943111111,1.0,0.0,6,10884.999779555556,-426.0,10447.0
1161.8388897527288,17.868,243.35554986666668,1.0,0.0,6,11022.777557333333,-424.0,10567.0
1173.195277777778,18.032,247.0,1.0,0.0,6,11164.0,-417.73170266876224,10731.826326054519
1177.1267991465838,18.088,248.28333333333333,1.0,0.0,6,11212.65,-415.0,10787.0
1207.304897301916,18.508,257.90832746666666,1.0,0.0,6,11577.5247776,-392.0,11085.0
1207.5952777777782,18.512,258.0,1.0,0.0,6,11581.0,-391.8096024769083,11087.039160309947
1230.973055555556,18.832,263.0,1.0,0.0,6,11098.0,-376.0695743366025,11234.04230287105
1235.034711873213,18.887,263.98213942857143,1.0,0.0,6,11011.964586057144,-371.0,11273.0
1243.9476284671834,19.007,266.1249965714286,1.0,0.0,6,10824.250300342857,-357.0,11375.0
1251.8175,19.112,268.0,1.0,0.0,7,10660.0,-344.5558341665518,11455.834683376988
1257.4824951846986,19.187,268.9782583652174,1.0,0.0,7,10701.494458991305,-334.0,11515.0
1283.6984367981827,19.528,273.4260869565217,1.0,0.0,7,10890.15652173913,-265.0,11825.0
1305.6687111707347,19.808,277.0782608695652,1.0,0.0,7,11045.06956521739,-221.0,11973.0
1323.3730555555558,20.032,280.0,1.0,0.0,7,11169.0,-160.6469559137906,12147.37858746717
1324.6418973571376,20.048,280.25454545454545,1.0,0.0,7,11178.527272727273,-154.0,12164.0
1340.4704080556862,20.247,283.4204514909091,1.0,0.0,7,11297.022612945455,-53.0,12396.0
1358.4508333333335,20.472,287.0,1.0,0.0,7,11431.0,16.49567031931572,12542.337997695551
1374.506388888889,20.672,289.0,1.0,0.0,7,11374.0,57.6400604756639,12610.368653148078
1380.5694594644287,20.747,289.721152,1.0,0.0,7,11358.4231168,82.0,12650.0
1398.505409893035,20.967,291.8365366153846,1.0,0.0,7,11312.730809107692,177.0,12801.0
1406.7052751402496,21.067,292.79807507692306,1.0,0.0,7,11291.961578338462,223.0,12868.0
1416.9730555555557,21.192,294.0,1.0,0.0,7,11266.0,283.298407655496,12950.017068894575
1421.4971686461358,21.247,294.45833173333335,1.0,0.0,7,11161.347587555556,310.0,12985.0
1446.6730555555557,21.552,297.0,1.0,0.0,8,10581.0,486.0738131188798,13188.315109844601
1447.9164365034333,21.567,297.11249856,1.0,0.0,8,10587.03742272,500.0,13202.0
1461.2956261244958,21.728,298.32,1.0,0.0,8,10651.84,670.0,13361.0
1480.0063888888892,21.952,300.0,1.0,0.0,8,10742.0,776.9627285626772,13454.104449944045
1493.0149765280323,22.107,301.05681687272727,1.0,0.0,8,10750.454534981818,838.0,13499.0
1508.2621795804534,22.288,302.2909090909091,1.0,0.0,8,10760.327272727272,960.0,13589.0
1517.0397222222223,22.392,303.0,1.0,0.0,8,10766.0,1027.7091918586234,13636.439203132919
1528.535069773965,22.528,303.68,1.0,0.0,8,10792.18,1128.0,13700.0
1550.5881648245722,22.788,304.97999872,1.0,0.0,8,10842.22995072,1394.0,13849.0
1550.9286111111114,22.792,305.0,1.0,0.0,8,10843.0,1397.154346308997,13850.688704584369
1564.5730555555558,22.952,307.0,1.0,0.0,8,10854.0,1482.7757542030047,13894.255184083482
1576.205702019962,23.088,307.85,1.0,0.0,8,10907.55,1547.0,13923.0
1578.2619444444445,23.112,308.0,1.0,0.0,8,10917.0,1561.7637511755988,13929.537699423834
1591.9952777777778,23.272,309.0,1.0,0.0,8,10955.0,1684.8035932412974,13983.106175492438
1598.5302415497276,23.348,309.2374992,1.0,0.0,8,10963.0749728,1752.0,14010.0
1619.5508333333335,23.592,310.0,1.0,0.0,8,10989.0,1981.2715289776786,14089.67925078088
1620.930755588308,23.608,310.0571428571429,1.0,0.0,8,10993.914285714285,1995.0,14094.0
1643.7397222222226,23.872,311.0,1.0,0.0,8,11075.0,2192.9777950392936,14148.379413274819
1646.8604439946857,23.908,311.2249984,1.0,0.0,8,11071.7375232,2221.0,14155.0
1669.4712384872805,24.168,312.85,1.0,0.0,8,11048.175,2442.0,14202.0
1671.5619444444449,24.192,313.0,1.0,0.0,8,11046.0,2462.2323711151107,14205.946865011405
1690.399239265149,24.408,313.9,1.0,0.0,8,11150.4,2648.0,14239.0
1692.495277777778,24.432,314.0,1.0,0.0,8,11162.0,2671.375990434962,14242.72876764513
1711.3038952248485,24.647,314.8958325333333,1.0,0.0,8,11224.708277333333,2890.0,14275.0
1713.4952777777783,24.672,315.0,1.0,0.0,8,11232.0,2911.4649721156547,14278.025381559648
1731.0508333333337,24.872,316.0,1.0,0.0,8,11188.0,3054.002749935016,14296.828112669033
1734.210592864458,24.908,316.0,1.0,0.0,8,11188.0,3081.0,14300.0
1745.0952777777782,25.032,316.0,1.0,0.0,8,11188.0,3183.78952550126,14311.214526533455
1764.1086763505623,25.248,316.9,1.0,0.0,8,11210.5,3378.0,14330.0
1766.2286111111114,25.272,317.0,1.0,0.0,8,11213.0,3398.387762565493,14331.823375574222
1778.1856604913214,25.407,317.8437488,1.0,0.0,8,11225.3749824,3519.0,14342.0
1797.766856976208,25.627,319.2187488,1.0,0.0,8,11245.541649066667,3783.0,14363.0
1808.8952777777781,25.752,320.0,1.0,0.0,8,11257.0,3873.9423905461945,14370.725737257313
1824.4654244102012,25.927,320.0,1.0,0.0,8,11259.916663466667,3978.0,14380.0
1840.8952777777781,26.112,320.0,1.0,0.0,8,11263.0,4184.929223788436,14396.962362287171
1852.8533070330948,26.247,319.4375008,1.0,0.0,8,11272.5624864,4324.0,14408.0
1862.161944444445,26.352,319.0,1.0,0.0,8,11280.0,4390.737434944947,14413.051023713426
1874.1646643660006,26.487,319.67499904,1.0,0.0,8,11288.09998848,4463.0,14418.0
1879.9397222222228,26.552,320.0,1.0,0.0,8,11292.0,4511.983699901855,14421.244098413677
1898.9895037960664,26.767,319.1041674666667,1.0,0.0,8,11333.208296533334,4711.0,14434.0
1901.2063888888897,26.792,319.0,1.0,0.0,8,11338.0,4732.618478551974,14435.327328521727
1922.0918487703075,27.027,319.7343744,1.0,0.0,8,11293.937536,4941.0,14447.0
1929.6508333333338,27.112,320.0,1.0,0.0,8,11278.0,5047.36828342069,14452.243806735705
1939.873405396997,27.227,320.0,1.0,0.0,8,11272.82500864,5189.0,14459.0
1947.4286111111119,27.312,320.0,1.0,0.0,8,11269.0,5259.278665572879,14462.328351318787
1964.7633653543774,27.507,320.0,1.0,0.0,8,11244.625024,5367.0,14467.0
1968.7619444444451,27.552,320.0,1.0,0.0,8,11239.0,5399.965983306581,14468.27465297262
1982.9841666666673,27.712,320.0,1.0,0.0,8,11256.0,5544.6634041542375,14473.601533847326
1991.4667328038522,27.807,317.6250048,0.7957504127999999,0.0,8,11171.45017088,5633.0,14477.0
2000.4841666666673,27.912,315.0,0.57,1.0,8,11078.0,5726.167355349231,14480.831381374235
2012.29674243777,28.067,284.0000384,0.201875456,1.0,8,10244.876032,5855.0,14486.0
2018.2841666666675,28.152,267.0,0.0,1.0,8,9788.0,5921.251842778545,14488.174546907656
2020.6853839861406,28.187,262.33335893333333,0.0,1.0,8,9751.104369066667,5948.0,14489.0
2033.950833333334,28.392,235.0,0.0,1.0,8,9535.0,6096.555354224398,14493.64040092117
2034.8619645969127,28.407,232.4687824,0.0,1.0,8,9509.5940752,6106.0,14494.0
2043.1952777777785,28.552,208.0,0.0,1.0,7,9264.0,6187.180310127057,14497.621247809126
2044.0525308408764,28.568,206.32,0.0,1.0,7,9295.72,6196.0,14498.0
2054.5496199551026,28.788,183.22002688,0.0,1.0,7,9731.86949248,6320.0,14503.0
2061.639722222223,28.952,166.0,0.0,1.0,7,10057.0,6400.717678213085,14508.405559849922
2067.418290059328,29.088,160.475,0.0,1.0,7,9964.35,6461.0,14515.0
2075.239722222223,29.272,153.0,0.0,1.0,4,9839.0,6536.882419195043,14527.907616469041
2076.7958699226274,29.308,153.0,0.0,1.0,4,9839.0,6551.0,14531.0
2082.039722222223,29.432,153.0,0.0,1.0,3,9839.0,6597.854336435985,14543.077800573088
2084.8686919879074,29.507,142.6875264,0.0,1.0,3,9513.6883328,6625.0,14551.0
2087.8619444444453,29.592,131.0,0.0,1.0,3,9145.0,6654.76800805386,14560.2478063806
2092.5025075212216,29.728,126.14285714285714,0.0,1.0,3,8805.0,6700.0,14576.0
2097.2730555555563,29.872,121.0,0.0,1.0,3,8445.0,6744.30676243979,14594.746275492935
2097.797745064666,29.888,120.73333333333333,0.00044444444444444447,1.0,3,8423.755555555555,6749.0,14597.0
2106.1604550385186,30.148,116.40000426666667,0.007666659555555556,1.0,3,8078.533673244445,6818.0,14639.0
2108.7730555555563,30.232,115.0,0.01,0.0,3,7967.0,6836.623171343096,14654.847896443898
2109.2650707844186,30.248,114.6,0.012666666666666666,0.0,3,7979.066666666667,6840.0,14658.0
2114.7064928066084,30.428,110.1000064,0.04266662399999999,0.0,3,8114.8164736,6875.0,14698.0
2116.039722222223,30.472,109.0,0.05,0.0,3,8148.0,6882.929207395959,14710.115187121428
2125.2371184698795,30.768,112.7,0.39039999999999997,0.0,3,8538.72,6930.0,14805.0
2128.7063888888897,30.872,114.0,0.51,0.0,3,8676.0,6943.424587330609,14831.927735199739
2134.222992192203,31.028,122.35712914285715,0.7105710994285716,0.0,3,9153.470645028572,6965.0,14869.0
2138.739722222223,31.152,129.0,0.87,0.0,3,9533.0,6988.782748852332,14902.120827500055
2141.5166820324694,31.228,129.6333312,0.724333824,0.0,3,9228.3676928,7007.0,14923.0
2151.939722222223,31.512,132.0,0.18,0.0,3,8090.0,7097.797314093935,14997.448185920312
2154.7352753952546,31.588,132.2111104,0.24544422400000002,0.0,3,8184.7885696,7121.0,15013.0
2164.3445212558563,31.848,132.93333333333334,0.4693333333333334,0.0,3,8509.066666666668,7192.0,15051.0
2165.239722222223,31.872,133.0,0.49,0.0,4,8539.0,7199.693104558696,15054.425042156743
2171.1295821342906,32.028,135.9249952,0.616749792,0.0,4,8519.500032,7255.0,15077.0
2171.2841666666673,32.032,136.0,0.62,0.0,4,8519.0,7256.440699820201,15077.537260447702
2179.9157839725326,32.247,143.67856457142858,0.9117854537142857,0.0,4,9156.320859428572,7336.0,15103.0
2182.6397222222226,32.312,146.0,1.0,0.0,4,9349.0,7363.277826625101,15110.071314195091
2193.8529688990316,32.568,156.4,1.0,0.0,4,9928.2,7477.0,15135.0
2196.773055555556,32.632,159.0,1.0,0.0,4,10073.0,7501.579114150105,15139.9905882345
2201.1920208654865,32.727,163.7499904,1.0,0.0,4,10212.728884266668,7538.0,15147.0
2208.173055555556,32.872,171.0,1.0,0.0,4,10426.0,7603.9145713116095,15158.564673712923
2210.913677648209,32.927,173.578116,1.0,0.0,4,10605.0931248,7630.0,15163.0
2217.0702787591367,33.047,179.203116,1.0,0.0,4,10995.8431248,7688.0,15173.0
2224.7063888888893,33.192,186.0,1.0,0.0,4,11468.0,7771.474302939325,15189.414744740385
2237.451572834128,33.428,193.374992,1.0,0.0,4,11891.3245408,7931.0,15227.0
2242.1286111111117,33.512,196.0,1.0,0.0,4,12042.0,7989.842477384421,15243.352351747491
2255.928611111112,33.752,207.0,1.0,0.0,5,10642.0,8142.188346352651,15289.902152209204
2256.8056614128723,33.767,207.44999424,1.0,0.0,5,10661.79974656,8149.0,15292.0
2267.761944444445,33.952,213.0,1.0,0.0,5,10906.0,8203.259289938956,15308.517940616237
2277.2214806575885,34.107,217.42856594285715,1.0,0.0,5,11181.1246592,8251.0,15323.0
2284.950833333334,34.232,221.0,1.0,0.0,5,11403.0,8316.490743791132,15343.0756497382
2292.079518504172,34.347,222.72499712,1.0,0.0,5,11490.39985408,8386.0,15365.0
2297.3952777777786,34.432,224.0,1.0,0.0,5,11555.0,8436.232313538965,15381.530196987802
2306.0322290549316,34.568,228.25,1.0,0.0,5,11650.2,8516.0,15409.0
2307.573055555556,34.592,229.0,1.0,0.0,5,11667.0,8530.251184586486,15414.057328024386
2320.573055555556,34.792,234.0,1.0,0.0,5,11660.0,8650.999137831783,15458.589773488904
2322.9272251249613,34.828,234.4499968,1.0,0.0,5,11521.8509824,8673.0,15467.0
2333.3774529350435,34.987,236.4374976,1.0,0.0,5,10911.6882368,8770.0,15505.0
2336.3730555555558,35.032,237.0,1.0,0.0,6,10739.0,8796.55231923095,15515.575420398683
2346.845475506391,35.187,240.8749952,1.0,0.0,6,10898.981944685715,8894.0,15554.0
2355.3508333333334,35.312,244.0,1.0,0.0,6,11028.0,9000.53858315176,15593.78880086647
2367.243526635368,35.487,244.87499904,1.0,0.0,6,11090.12493184,9162.0,15652.0
2368.9619444444447,35.512,245.0,1.0,0.0,6,11099.0,9182.146190487187,15659.100584168753
2385.761944444445,35.752,252.0,1.0,0.0,6,11263.0,9338.985875336692,15712.284704056414
2393.9593666315836,35.868,253.6571392,1.0,0.0,6,11368.642624,9401.0,15733.0
2405.6730555555555,36.032,256.0,1.0,0.0,6,11518.0,9479.328592164726,15759.589774056312
2421.500129028898,36.248,258.2453225440762,1.0,0.0,6,11575.031192619535,9591.0,15796.0
2437.4317326314313,36.468,260.53222247414186,1.0,0.0,6,11633.118450843203,9743.0,15841.0
2440.5455555555554,36.513,261.0,1.0,1.0,6,11645.0,9773.174955905897,15849.341777572357
2454.7850619616574,36.728,242.50537508120428,0.22939062838351176,1.0,6,10889.802815815841,9929.0,15878.0
2458.9130555555557,36.792,237.0,0.0,1.0,6,10665.0,9993.941486501279,15880.250072313826
2467.5884659419835,36.928,230.88,0.0,1.0,6,10139.36,10132.0,15878.0
2471.5797222222222,36.992,228.0,0.0,1.0,6,9892.0,10172.355001367552,15876.173492216445
2485.66033422761,37.228,218.16667733333333,0.019666645333333333,1.0,6,10558.6992768,10241.0,15861.0
2492.8797222222224,37.352,213.0,0.03,1.0,6,10909.0,10305.720526250914,15841.40640120259
2499.6060221380108,37.468,209.375008,0.058999936,1.0,6,10626.250624,10375.0,15817.0
2502.124166666667,37.512,208.0,0.07,0.0,5,10519.0,10399.606090281584,15806.619688362594
2514.1045771422737,37.728,203.14,0.4048,0.0,5,10555.18,10515.0,15740.0
2524.235277777778,37.912,199.0,0.69,0.0,5,10586.0,10619.001357805299,15654.156613504789
2525.1290166655626,37.928,199.25454545454545,0.7012727272727273,0.0,5,10590.072727272727,10626.0,15648.0
2541.0836691951426,38.208,203.70909090909092,0.8985454545454545,0.0,5,10661.345454545455,10699.0,15565.0
2549.4130555555553,38.352,206.0,1.0,0.0,5,10698.0,10756.83769481595,15467.87239032011
2558.4511495151514,38.507,209.8749952,1.0,0.0,5,11029.3120896,10818.0,15355.0
2558.7463888888888,38.512,210.0,1.0,0.0,5,11040.0,10819.429442989433,15352.106567589542
2575.6241666666665,38.792,217.0,1.0,0.0,5,11269.0,10857.352122366363,15243.621638789573
2577.805502575841,38.828,217.29999786666667,1.0,0.0,5,11300.349777066667,10861.0,15229.0
2590.2241666666664,39.032,219.0,1.0,0.0,5,11478.0,10886.530226086728,15124.352953292562
2596.129849339514,39.127,221.77082773333333,1.0,0.0,5,11505.3124448,10899.0,15060.0
2605.290833333333,39.272,226.0,1.0,0.0,5,11547.0,10916.972393503444,14940.554288379879
2612.718218089623,39.388,228.8999936,1.0,0.0,5,11070.917717333334,10929.0,14846.0
2620.7574999999997,39.512,232.0,1.0,0.0,5,10562.0,10938.386026509195,14761.737829052354
2631.290833333333,39.672,237.0,1.0,0.0,6,10720.0,10946.021591152356,14674.045940421802
2638.981076015709,39.787,239.8749952,1.0,0.0,6,10886.7497216,10951.0,14611.0
2644.735277777778,39.872,242.0,1.0,0.0,6,11010.0,10954.660082345163,14562.960381030636
2663.7343332741625,40.147,248.0156208,1.0,0.0,6,11191.3279984,10967.0,14395.0
2666.868611111111,40.192,249.0,1.0,0.0,6,11221.0,10969.245878511287,14364.6430148977
2669.3780296144523,40.228,249.4499968,1.0,0.0,6,11242.5998464,10971.0,14340.0
2683.668611111111,40.432,252.0,1.0,0.0,6,11365.0,10979.432217946063,14198.219318797566
2686.2151633490516,40.468,252.53999616,1.0,0.0,6,11380.749888,10981.0,14173.0
2701.879443239512,40.687,255.82499712,1.0,0.0,6,11476.562416,10992.0,14018.0
2712.3352777777777,40.832,258.0,1.0,0.0,6,11540.0,10999.99706304367,13912.601197608936
2716.3097832909148,40.887,258.58928365714286,1.0,0.0,6,11565.339197257143,11003.0,13876.0
2730.886580666669,41.088,260.74285714285713,1.0,0.0,6,11657.942857142858,11014.0,13759.0
2732.635277777778,41.112,261.0,1.0,0.0,6,11669.0,11015.488625090096,13743.777705265049
2747.3019444444444,41.312,264.0,1.0,0.0,6,11858.0,11029.691384123917,13598.938318365945
2751.455394563474,41.368,264.23333333333335,0.9883333333333333,0.0,6,11862.9,11034.0,13555.0
2764.6851299952214,41.548,264.98333226666665,0.9508333866666666,0.0,6,11878.6499776,11048.0,13409.0
2764.9686111111114,41.552,265.0,0.95,1.0,6,11879.0,11048.287806027602,13405.778828507691
2781.035277777778,41.792,241.0,0.0,1.0,6,10658.0,11062.358702341855,13223.49283897823
2782.0472567432003,41.808,239.24,0.0,1.0,6,10610.64,11063.0,13213.0
2793.2019444444445,41.992,219.0,0.0,1.0,6,10066.0,11067.383206456108,13111.084225534021
2802.031705711203,42.148,211.2000128,0.017727243636363636,1.0,6,9928.436589381818,11067.0,13031.0
2808.4267521718857,42.267,205.2500096,0.031249978181818183,1.0,6,9823.50016930909,11064.0,12964.0
2817.2797222222225,42.432,197.0,0.05,1.0,5,9678.0,11052.943005115314,12875.79930323346
2822.405353093215,42.527,194.6250048,0.073749952,1.0,5,9641.7813232,11043.0,12828.0
2825.8575,42.592,193.0,0.09,1.0,5,9617.0,11034.768654040032,12796.43092103721
2836.0797222222222,42.792,184.0,0.13,0.0,5,9462.0,10999.031637349211,12701.559308358519
2837.871434443135,42.827,184.34825690690766,0.23970092567591664,0.0,5,9473.666606381406,10990.0,12684.0
2846.4647222222225,42.993,186.0,0.76,0.0,5,9529.0,10936.24394124419,12597.430836960366
2849.33992240736,43.048,186.8620697956976,0.7962069314192991,0.0,5,9640.724245522408,10918.0,12572.0
2863.3894444444445,43.312,191.0,0.97,0.0,5,10177.0,10836.223468394011,12483.730145341802
2866.448094057345,43.368,192.8,0.976,0.0,5,10277.8,10815.0,12466.0
2875.3399838077717,43.528,197.94285714285715,0.9931428571428572,0.0,5,10565.8,10745.0,12413.0
2878.945,43.592,200.0,1.0,0.0,5,10681.0,10717.916724122873,12393.838442746686
2890.1570888326182,43.788,205.87999231999999,1.0,0.0,5,10954.41964288,10619.0,12333.0
2890.389444444445,43.792,206.0,1.0,0.0,5,10960.0,10616.096668358265,12331.397209120052
2902.1672222222223,43.992,212.0,1.0,0.0,5,11162.0,10441.817976524177,12240.087998246543
2903.11619444211,44.008,212.26666666666668,1.0,0.0,5,11182.4,10430.0,12234.0
2916.5672222222224,44.232,216.0,1.0,0.0,5,11468.0,10333.054986562393,12184.403282670555
2930.2230035967914,44.448,226.8,1.0,0.0,5,11576.0,10266.0,12151.0
2931.7672222222227,44.472,228.0,1.0,0.0,5,11588.0,10254.61090972292,12145.320232820044
2945.830047947922,44.688,232.4181818181818,1.0,0.0,5,11253.690909090908,10121.0,12078.0
2960.7338888888894,44.912,237.0,1.0,0.0,6,10907.0,9944.10703724503,11985.102407502824
2969.9451612635494,45.048,240.4,1.0,0.0,6,11029.4,9852.0,11936.0
2985.3338888888893,45.272,246.0,1.0,0.0,6,11231.0,9761.381186981762,11887.120695423246
2996.0956136618806,45.427,249.8749952,1.0,0.0,6,11257.1562176,9695.0,11851.0
2996.4450000000006,45.432,250.0,1.0,0.0,6,11258.0,9692.3149156627,11849.541124415784
3007.355517669663,45.587,253.09999616,1.0,0.0,6,11384.32484352,9597.0,11798.0
3010.5561111111115,45.632,254.0,1.0,0.0,6,11421.0,9568.705293931387,11782.93861197965
3018.807567258451,45.747,256.4642816,1.0,0.0,6,11497.8034432,9497.0,11745.0
3030.7783333333336,45.912,260.0,1.0,0.0,6,11608.0,9392.909739547598,11688.840389361067
3046.50478707005,46.127,263.0714258285714,1.0,0.0,6,11393.000192,9256.0,11613.0
3051.311666666667,46.192,264.0,1.0,0.0,6,11328.0,9214.643785720526,11589.679743748457
3059.8904779580052,46.307,266.5156208,1.0,0.0,6,11141.8440608,9141.0,11548.0
3064.40395061036,46.367,267.8281208,1.0,0.0,6,11044.7190608,9102.0,11526.0
3075.400555555556,46.512,271.0,1.0,0.0,7,10810.0,9007.637939751707,11470.8446082925
3079.60331257308,46.567,272.1785673142857,1.0,0.0,7,10851.249856,8972.0,11450.0
3093.5417537998733,46.748,276.05713737142855,1.0,0.0,7,10986.999808,8853.0,11382.0
3096.9450000000006,46.792,277.0,1.0,0.0,7,11020.0,8821.727163703992,11364.386668850904
3112.170125530565,46.988,279.4499968,1.0,0.0,7,11144.1331712,8678.0,11284.0
3115.6116666666667,47.032,280.0,1.0,0.0,7,11172.0,8648.838073335064,11267.673569402084
3130.9921357544326,47.227,283.89999616,1.0,0.0,7,11312.39986176,8528.0,11200.0
3131.3894444444445,47.232,284.0,1.0,0.0,7,11316.0,8524.729713107183,11198.175395665734
3146.998520093481,47.427,287.046872,1.0,0.0,7,11397.6561696,8390.0,11123.0
3157.0783333333334,47.552,289.0,1.0,0.0,7,11450.0,8303.738461155179,11074.097709149717
3161.6047055774134,47.608,289.7,1.0,0.0,7,11405.666666666666,8265.0,11052.0
3176.545,47.792,292.0,1.0,0.0,7,11260.0,8135.815199879811,10978.012511121677
3187.6119683634342,47.927,293.5340887272727,1.0,0.0,7,11065.477549381818,8040.0,10923.0
3205.8867399354895,48.148,296.0454516363636,1.0,0.0,7,10747.03673250909,7884.0,10832.0
3212.4307140416936,48.227,296.94317963636365,1.0,0.0,7,10633.204822109092,7828.0,10797.0
3212.845,48.232,297.0,1.0,0.0,8,10626.0,7823.991116787542,10794.446245821011
3229.456111111111,48.432,299.0,1.0,0.0,8,10665.0,7611.836151505242,10655.629624740888
3237.424976937271,48.527,300.3194417777778,1.0,0.0,8,10741.527623111111,7523.0,10596.0
3259.856111111111,48.792,304.0,1.0,0.0,8,10955.0,7401.616668031441,10507.688398044387
3267.9836920089024,48.888,304.6,1.0,0.0,8,10908.8,7361.0,10475.0
3273.4116666666664,48.952,305.0,1.0,0.0,8,10878.0,7327.58606294617,10448.00312678433
3287.056111111111,49.112,307.0,1.0,0.0,8,10957.0,7225.3881359978295,10365.101621356122
3293.5943585698114,49.188,308.2666624,1.0,0.0,8,10969.0332928,7175.0,10324.0
3307.7894444444437,49.352,311.0,1.0,0.0,8,10995.0,7066.194654089917,10234.797795149836
3310.8200405697944,49.387,311.1090336915207,1.0,0.0,8,11022.803591337788,7042.0,10215.0
3331.613329638582,49.627,311.8566973919895,1.0,0.0,8,11213.457834957326,6869.0,10073.0
3335.6094444444443,49.673,312.0,1.0,0.0,8,11250.0,6837.989080766414,10046.749621022414
3356.5427777777772,49.913,314.0,1.0,0.0,8,11213.0,6691.114291528029,9917.35508541377
3366.642153270529,50.028,315.2365567916142,1.0,0.0,8,11210.939072013976,6619.0,9854.0
3381.1102777777774,50.192,317.0,1.0,0.0,8,11208.0,6509.563510986039,9759.470857811226
3384.2044700649817,50.227,317.34999808,1.0,0.0,8,11215.52495872,6486.0,9739.0
3394.92227694788,50.348,318.55999744,1.0,0.0,8,11241.53994496,6406.0,9669.0
3398.8325,50.392,319.0,1.0,0.0,8,11251.0,6378.642110652827,9645.220432182408
3418.1342083651175,50.608,321.3142857142857,1.0,0.0,8,11351.285714285714,6231.0,9518.0
3423.876944444444,50.672,322.0,1.0,0.0,8,11381.0,6165.008256130359,9460.701665039871
3436.1073712743378,50.808,323.1333333333333,1.0,0.0,8,11407.066666666668,6015.0,9330.0
3445.476944444444,50.912,324.0,1.0,0.0,8,11427.0,5935.368217691893,9260.371459435772
3467.143611111111,51.152,325.0,1.0,0.0,8,11451.0,5843.928065876029,9179.831736381202
3475.842050658257,51.248,325.53333333333336,1.0,0.0,8,11477.133333333333,5798.0,9140.0
3492.199688646224,51.428,326.53333191111113,1.0,0.0,8,11526.133263644444,5675.0,9034.0
3499.843611111111,51.512,327.0,1.0,0.0,8,11549.0,5593.041820499638,8963.035111435405
3513.9622247137136,51.667,327.77499904,1.0,0.0,8,11526.52502784,5441.0,8831.0
3518.0658333333336,51.712,328.0,1.0,0.0,8,11520.0,5412.456509792869,8806.15919804852
3537.7093512111114,51.927,328.8958325333333,1.0,0.0,8,11553.145803733334,5331.0,8735.0
3539.9991666666665,51.952,329.0,1.0,0.0,8,11557.0,5317.738878283561,8723.445928135267
3556.0655625138174,52.127,329.97222115555553,1.0,0.0,8,11606.583278933333,5193.0,8615.0
3573.0991666666664,52.312,331.0,1.0,0.0,8,11659.0,5018.624374717565,8463.873757662499
3587.8547222222223,52.472,332.0,1.0,0.0,8,11758.0,4870.248249650285,8335.268934862665
3592.9360551513137,52.527,332.1964278857143,1.0,0.0,8,11729.714384457144,4832.0,8302.0
3613.7547222222224,52.752,333.0,1.0,0.0,8,11614.0,4737.599802494864,8219.138895835715
3624.387438345897,52.867,333.0,1.0,0.0,8,11673.416567466667,4679.0,8168.0
3635.954722222222,52.992,333.0,1.0,0.0,8,11738.0,4582.691092925697,8084.555898262035
3648.4794156183493,53.127,333.8437488,1.0,0.0,8,11738.0,4470.0,7987.0
3650.7991666666667,53.152,334.0,1.0,0.0,8,11738.0,4451.752018558038,7971.167046443544
3676.776944444445,53.432,334.0,1.0,0.0,8,11843.0,4279.300261871334,7820.963750596012
3678.1712456777054,53.447,334.0624992,1.0,0.0,8,11839.5000448,4269.0,7812.0
3699.110277777778,53.672,335.0,1.0,0.0,8,11787.0,4089.7490644484856,7656.225104968261
3707.936086462791,53.767,334.73611164444446,1.0,0.0,8,11806.791626666667,4008.0,7585.0
3728.337733891869,53.987,334.1250005333333,1.0,0.0,8,11852.62496,3826.0,7426.0
3732.510277777778,54.032,334.0,1.0,0.0,8,11862.0,3796.048730628704,7399.981817361748
3747.354722222223,54.192,334.0,1.0,0.0,8,11735.0,3706.630644779709,7322.841636637736
3752.468685921327,54.247,334.3437488,1.0,0.0,8,11735.0,3671.0,7292.0
3762.2436111111115,54.352,335.0,1.0,0.0,8,11735.0,3590.6947173836124,7222.216162334194
3780.854722222223,54.552,335.0,1.0,0.0,8,11824.0,3408.5543442789076,7063.466348930594
3784.1063367680663,54.587,335.0,1.0,0.0,8,11815.9062944,3377.0,7036.0
3795.743611111112,54.712,335.0,1.0,0.0,8,11787.0,3266.6045107082964,6940.028234032439
3814.354722222223,54.912,335.0,0.87,1.0,8,11676.0,3111.1036266657184,6804.990355938038
3820.94654956579,54.988,322.9667072,0.594500928,1.0,8,11442.6174528,3071.0,6770.0
3834.154722222223,55.152,297.0,0.0,1.0,8,10939.0,3021.765390597485,6726.526550195308
3841.377081546005,55.248,283.0,0.0,1.0,8,10463.4,2993.0,6701.0
3851.6213888888897,55.392,262.0,0.0,1.0,8,9750.0,2927.3740619793907,6643.115010348934
3865.94870108864,55.607,241.39585173333333,0.0,1.0,8,10021.4372576,2796.0,6520.0
3867.5547222222226,55.632,239.0,0.0,1.0,8,10053.0,2779.875312308609,6503.567263190704
3877.554722222223,55.792,225.0,0.0,1.0,8,10169.0,2680.075587634345,6396.179965121427
3878.5242078071788,55.808,224.23809512752402,0.002902494752289488,1.0,8,10164.827663793583,2672.0,6387.0
3902.544722222223,56.233,204.0,0.08,0.0,5,10054.0,2585.4161784970984,6238.4767077045
3904.445447437317,56.268,203.03750528,0.10449986559999999,0.0,5,10037.02509312,2581.0,6223.0
3915.1169829958676,56.467,197.56500352,0.24379991040000001,0.0,5,9940.51006208,2555.0,6117.0
3923.9891666666676,56.633,193.0,0.36,0.0,5,9860.0,2545.753204250816,6030.057676576035
3925.866975148886,56.668,193.22012449001278,0.4172323674033238,0.0,5,9924.05622659372,2545.0,6004.0
3932.557500000001,56.792,194.0,0.62,0.0,5,10151.0,2544.720206949362,5882.46572499318
3935.61481075837,56.848,195.4,0.7354999999999999,0.0,5,10211.2,2545.0,5834.0
3941.3575000000005,56.952,198.0,0.95,0.0,5,10323.0,2545.3459350437465,5776.709371603858
3953.5786401497035,57.168,203.4,0.9885714285714287,0.0,5,10668.6,2545.0,5721.0
3957.301944444445,57.232,205.0,1.0,0.0,5,10771.0,2544.482827649891,5691.527124745464
3970.245550638827,57.448,213.1,1.0,0.0,5,11038.3,2539.0,5559.0
3976.5908333333336,57.552,217.0,1.0,0.0,5,11167.0,2531.9944148227473,5496.716538508877
3987.406868698547,57.728,219.93333333333334,1.0,0.0,5,10836.022222222222,2513.0,5395.0
3998.6384371587014,57.908,222.93332906666666,1.0,0.0,5,10497.522703644445,2483.0,5289.0
3998.890833333334,57.912,223.0,1.0,0.0,6,10490.0,2482.1587310189193,5286.525401892018
4014.059989292165,58.149,227.84772596363638,1.0,0.0,6,10632.738597818181,2422.0,5138.0
4024.3178993342276,58.307,231.07954152727274,1.0,0.0,6,10727.897611636363,2381.0,5059.0
4027.246388888889,58.352,232.0,1.0,0.0,6,10755.0,2367.479012598775,5036.117411671039
4037.690833333334,58.512,235.0,1.0,0.0,6,10755.0,2309.440677190641,4949.4915670559
4038.6742666822493,58.527,235.22499712,1.0,0.0,6,10762.79990016,2303.0,4941.0
4049.306398281756,58.688,237.64,1.0,0.0,6,10846.52,2227.0,4850.0
4050.9130555555566,58.712,238.0,1.0,0.0,6,10859.0,2216.3002480147015,4837.9745990794745
4062.8243963532896,58.887,243.83332693333332,1.0,0.0,6,10932.645752533334,2143.0,4761.0
4067.3130555555563,58.952,246.0,1.0,0.0,6,10960.0,2112.884300109541,4731.684848243237
4079.5333873795253,59.127,249.06249664,1.0,0.0,6,11140.68730176,2027.0,4643.0
4095.424166666667,59.352,253.0,1.0,0.0,6,11373.0,1929.7985073207494,4491.447450625118
4109.590833333334,59.552,255.0,1.0,0.0,6,11441.0,1857.4474029171429,4320.1856388404185
4129.501944444445,59.832,256.0,1.0,0.0,6,11575.0,1783.7723593348267,4090.6709921651673
4140.879722222223,59.992,256.0,1.0,0.0,6,10735.0,1758.7134693795479,3997.33544030328
4141.943711819402,60.007,256.0,1.0,0.0,6,10718.3127136,1757.0,3990.0
4157.9463888888895,60.232,256.0,1.0,0.0,7,10468.0,1743.4110701082636,3904.6075935139634
4166.412156556426,60.348,259.54443662222224,1.0,0.0,7,10556.288694044444,1738.0,3845.0
4179.761588594769,60.527,265.0138830222222,1.0,0.0,7,10692.527631644445,1726.0,3711.0
4184.646388888889,60.592,267.0,1.0,0.0,7,10742.0,1721.4993344652269,3661.349209620303
4202.437663436195,60.827,271.4062464,1.0,0.0,7,10909.4373632,1706.0,3491.0
4208.913055555556,60.912,273.0,1.0,0.0,7,10970.0,1700.8611988080506,3432.4259734981147
4219.237925863381,61.047,275.02499712,1.0,0.0,7,10979.44998656,1691.0,3325.0
4224.24638888889,61.112,276.0,1.0,0.0,7,10984.0,1684.1374287954918,3256.188144030033
4236.300872262769,61.267,279.8749952,1.0,0.0,7,11137.0623104,1666.0,3079.0
4236.690833333334,61.272,280.0,1.0,0.0,7,11142.0,1665.5193511977961,3074.2015308997957
4261.757500000001,61.592,282.0,1.0,0.0,7,11208.0,1647.6319466327554,2879.482461850727
4266.112296377323,61.647,282.98213942857143,1.0,0.0,7,11246.303437714285,1645.0,2850.0
4284.079722222223,61.872,287.0,1.0,0.0,7,11403.0,1632.2251946473318,2711.909493720453
4291.802335763243,61.968,288.06666666666666,1.0,0.0,7,11419.266666666666,1626.0,2644.0
4313.179722222223,62.232,291.0,1.0,0.0,7,11464.0,1607.1736045853424,2433.164447427059
4314.480005317229,62.248,291.2,1.0,0.0,7,11467.7,1606.0,2420.0
4326.201944444446,62.392,293.0,1.0,0.0,7,11501.0,1595.4620573525629,2302.273982412183
4329.054618187399,62.427,293.1452274576538,1.0,0.0,7,11520.31525186795,1593.0,2275.0
4345.883611111112,62.633,294.0,1.0,0.0,7,11634.0,1578.9413611594705,2121.958264385889
4351.956794941364,62.707,294.73999872,1.0,0.0,7,11315.8005504,1572.0,2048.0
4362.328055555557,62.833,296.0,1.0,0.0,7,10774.0,1556.3977710169895,1883.1546483803475
4371.8167981020615,62.948,296.6388878222222,1.0,0.0,7,10745.888935822222,1544.0,1752.0
4391.711711648059,63.188,297.97222115555553,1.0,0.0,7,10687.222269155556,1535.0,1653.0
4392.128055555557,63.193,298.0,1.0,0.0,8,10686.0,1534.7689489174595,1650.4604881705782
4408.850277777779,63.393,301.0,1.0,0.0,8,10814.0,1520.117463733484,1491.6304292440486
4423.526155321743,63.567,302.8709659364092,1.0,0.0,8,10863.892424970913,1506.0,1337.0
4432.410277777779,63.672,304.0,1.0,0.0,8,10894.0,1499.5977451618865,1264.4819084603869
4440.537389100726,63.768,304.6,1.0,0.0,8,10876.0,1491.0,1169.0
4445.965833333335,63.832,305.0,1.0,0.0,8,10864.0,1481.7933887933777,1068.9491960465248
4457.544222597783,63.968,306.1333333333333,1.0,0.0,8,10909.9,1460.0,834.0
4466.432500000002,64.072,307.0,1.0,0.0,8,10945.0,1451.6442591427272,743.7931488581482
4483.599166666669,64.272,309.0,1.0,0.0,8,11049.0,1446.7966802333533,689.8819599859419
4484.976829994827,64.288,309.1142857142857,1.0,0.0,8,11043.914285714285,1446.0,681.0
4503.978948809082,64.508,310.68571245714287,1.0,0.0,8,10973.985795657143,1429.0,493.0
4507.788055555558,64.552,311.0,1.0,0.0,8,10960.0,1425.3433543915796,453.48254465215655
4521.307881624801,64.708,311.77999872,1.0,0.0,8,11000.55993344,1413.0,321.0
4525.12138888889,64.752,312.0,1.0,0.0,8,11012.0,1409.8019156089272,285.7478411936498
4538.988055555557,64.912,312.0,1.0,0.0,8,11045.0,1397.5071028606926,148.45488180299753
4540.289637738102,64.927,312.0937488,1.0,0.0,8,11053.8123872,1396.0,132.0
4552.899166666668,65.072,313.0,1.0,0.0,8,11139.0,1377.5953318843838,-65.3931635082086
4564.795575133712,65.208,314.36,1.0,0.0,8,11121.32,1362.0,-231.0
4570.399166666668,65.272,315.0,1.0,0.0,8,11113.0,1357.7372291094239,-276.32395537831866
4591.048421521253,65.508,315.0,1.0,0.0,8,11113.0,1349.0,-371.0
4591.399166666668,65.512,315.0,1.0,0.0,8,11113.0,1348.7104110389746,-374.16221239357736
4617.456072676573,65.808,316.85,1.0,0.0,8,11199.95,1317.0,-720.0
4619.576944444445,65.832,317.0,1.0,0.0,8,11207.0,1314.9595403407852,-742.0802466186462
4645.716837709292,66.127,318.8437488,1.0,0.0,8,11281.6718264,1299.0,-913.0
4647.932500000001,66.152,319.0,1.0,0.0,8,11288.0,1297.60027926012,-928.2336743632
4669.199166666667,66.392,319.0,1.0,0.0,8,11296.0,1280.450825928128,-1117.0618185701583
4672.305931610517,66.427,319.12499931428573,1.0,0.0,8,11299.874978742857,1277.0,-1155.0
4694.088055555556,66.672,320.0,1.0,0.0,8,11327.0,1249.216585775649,-1459.6487729111707
4695.421408947736,66.687,320.0,1.0,0.0,8,11325.43752,1248.0,-1473.0
4715.42138888889,66.912,320.0,1.0,0.0,8,11302.0,1237.4060431816667,-1589.0827822884107
4718.536608629138,66.947,320.12499931428573,1.0,0.0,8,11307.749968457143,1235.0,-1615.0
4740.388055555555,67.192,321.0,1.0,0.0,8,11348.0,1206.4297724841188,-1920.9826322974773
4748.884374828761,67.287,321.5937488,1.0,0.0,8,11378.8749376,1197.0,-2023.0
4754.699166666667,67.352,322.0,1.0,0.0,8,11400.0,1192.4814253634208,-2072.722253126392
4772.588055555556,67.552,322.0,1.0,0.0,8,11422.0,1185.3722327004614,-2155.420458375972
4781.107099481914,67.647,322.47499904,1.0,0.0,8,11432.44997888,1178.0,-2237.0
4790.532499999999,67.752,323.0,1.0,0.0,8,11444.0,1164.864965429866,-2379.7336402978526
4804.440619425609,67.907,323.0,1.0,0.0,8,11405.895880533333,1145.0,-2594.0
4812.065833333333,67.992,323.0,1.0,0.0,8,11385.0,1140.0556556862266,-2647.073299756882
4827.765537768259,68.167,323.0,1.0,0.0,8,11395.49998848,1135.0,-2701.0
4830.0102777777765,68.192,323.0,1.0,0.0,8,11397.0,1133.3959697132877,-2718.2849098646293
4849.343619778837,68.407,323.44791626666665,1.0,0.0,8,11454.333282133333,1112.0,-2950.0
4873.210277777777,68.672,324.0,1.0,0.0,8,11525.0,1084.2571581908976,-3254.1829429536865
4881.855464575874,68.768,324.0,1.0,0.0,8,11493.2,1076.0,-3345.0
4902.010277777778,68.992,324.0,1.0,0.0,8,11419.0,1061.9553866797833,-3499.099165304597
4914.218023517879,69.128,323.5160141246438,1.0,0.0,8,11435.939505637467,1053.0,-3595.0
4927.222222222222,69.273,323.0,1.0,0.0,8,11454.0,1040.8244132322227,-3722.7734005831567
4933.949944853635,69.348,323.0,1.0,0.0,8,11447.011381527273,1034.0,-3792.0
4951.805291024163,69.547,323.0,1.0,0.0,8,11428.468193745455,1016.0,-3971.0
4960.867932554367,69.648,323.0,1.0,0.0,8,11419.056812218181,1008.0,-4060.0
4966.699999999999,69.713,323.0,1.0,0.0,8,11413.0,1002.2933348094462,-4117.594812384319
4982.401169641368,69.888,323.0,1.0,0.0,8,11401.62499584,985.0,-4274.0
4984.644444444443,69.913,323.0,1.0,0.0,8,11400.0,982.5156343413066,-4296.380587010971
4998.463721533752,70.067,323.0,1.0,0.0,8,11436.95996928,967.0,-4434.0
5002.588888888888,70.113,323.0,1.0,0.0,8,11448.0,962.0866282707836,-4474.796448329722
5016.466888381332,70.268,322.22110674296067,1.0,0.0,8,11412.17091017619,944.0,-4612.0
5020.3883333333315,70.312,322.0,1.0,1.0,8,11402.0,938.2240372074363,-4651.363329638658
5032.439850431584,70.448,317.24,0.66,1.0,8,10851.2,919.0,-4771.0
5054.610555555554,70.712,308.0,0.0,1.0,8,9782.0,878.770039673639,-4972.983497286112
5055.843732617443,70.728,305.9,0.0,1.0,8,9809.166666666666,876.0,-4985.0
5070.137551167125,70.928,279.65,0.0,1.0,8,10148.75,833.0,-5143.0
5087.01853392604,71.188,245.5250336,0.0,1.0,8,10590.207898666667,737.0,-5379.0
5087.27722222222,71.192,245.0,0.0,1.0,7,10597.0,735.7482177454516,-5381.779113456666
5112.943888888887,71.592,231.0,0.08,1.0,6,10257.0,646.1884636022003,-5518.815509399463
5116.416625396148,71.647,229.7968792,0.083437488,1.0,6,10154.9066064,623.0,-5543.0
5122.751739627921,71.748,227.5875056,0.089749984,1.0,6,9967.4254752,571.0,-5596.0
5132.854999999999,71.912,224.0,0.1,0.0,6,9663.0,496.49158385906287,-5658.394276792071
5141.016987407604,72.048,219.62857142857143,0.15342857142857141,0.0,6,9735.857142857143,434.0,-5697.0
5149.57722222222,72.192,215.0,0.21,0.0,6,9813.0,356.32629464905244,-5736.341906338616
5150.472297957531,72.207,215.08333226666667,0.23291637333333334,0.0,6,9807.8750656,348.0,-5740.0
5163.6778822191545,72.427,216.3055544888889,0.5690274844444444,0.0,6,9732.708398933333,224.0,-5781.0
5170.97163071014,72.547,216.97222115555556,0.7523608177777777,0.0,6,9691.708398933333,153.0,-5794.0
5171.277222222221,72.552,217.0,0.76,0.0,6,9690.0,150.01563718076918,-5794.413281513734
5187.034600250655,72.807,221.7812464,0.951249856,0.0,6,10157.7652728,-4.0,-5802.0
5191.099444444443,72.872,223.0,1.0,0.0,6,10277.0,-44.08798022106549,-5799.456737400248
5202.1346847105815,73.047,226.12499657142857,1.0,0.0,6,10424.499838171429,-153.0,-5784.0
5208.832777777777,73.152,228.0,1.0,0.0,6,10513.0,-217.98982518895494,-5769.40779921731
5212.367015711741,73.207,228.91666346666668,1.0,0.0,6,10530.111051377778,-252.0,-5760.0
5230.593548164862,73.487,233.58333013333333,1.0,0.0,6,10617.222162488888,-421.0,-5696.0
5232.232777777776,73.512,234.0,1.0,0.0,6,10625.0,-434.7616212922579,-5689.856014073694
5246.493086121979,73.728,237.6,1.0,0.0,6,10766.3,-560.0,-5621.0
5248.099444444442,73.752,238.0,1.0,0.0,6,10782.0,-578.5456930960063,-5608.29696556894
5262.784062825282,73.968,242.725,1.0,0.0,6,10976.4,-764.0,-5468.0
5269.877222222221,74.072,245.0,1.0,0.0,6,11070.0,-818.1864021902215,-5423.392584375911
5280.766111111109,74.232,245.0,1.0,0.0,6,11160.0,-851.9410548733466,-5388.190230275345
5290.133481800588,74.367,249.218744,1.0,0.0,6,11338.8747456,-891.0,-5342.0
5291.877222222221,74.392,250.0,1.0,0.0,6,11372.0,-900.8671826525504,-5330.4747985400245
5301.378381684356,74.528,251.275,1.0,0.0,6,11425.975,-963.0,-5257.0
5314.36611111111,74.712,253.0,1.0,0.0,6,11499.0,-1039.3717876708502,-5153.979730857313
5315.437535551373,74.727,253.24374688,1.0,0.0,6,11483.062704,-1046.0,-5144.0
5332.843487362834,74.967,257.14374688,1.0,0.0,6,11228.062704,-1157.0,-4960.0
5355.187272576368,75.267,262.01874688,1.0,0.0,6,10909.312704,-1234.0,-4803.0
5373.477222222221,75.512,266.0,1.0,0.0,7,10649.0,-1298.921930499188,-4640.2802606363875
5380.6350955706785,75.608,267.44,1.0,0.0,7,10682.12,-1324.0,-4569.0
5388.421666666665,75.712,269.0,1.0,0.0,7,10718.0,-1349.5005996084788,-4489.361409361585
5397.196201910513,75.828,270.927973926289,1.0,0.0,7,10797.368259965564,-1376.0,-4397.0
5413.9893918372645,76.047,274.567864831976,1.0,0.0,7,10947.210435583014,-1419.0,-4220.0
5415.998055555553,76.073,275.0,1.0,0.0,7,10965.0,-1422.9192268184831,-4201.798723520934
5434.269651969542,76.308,279.19642514285715,1.0,0.0,7,11029.6249472,-1449.0,-4054.0
5437.775833333331,76.353,280.0,1.0,0.0,7,11042.0,-1453.7605961378704,-4020.469572277948
5456.116454214296,76.588,280.9791658666667,1.0,0.0,7,11206.4998656,-1477.0,-3826.0
5456.509166666666,76.593,281.0,1.0,0.0,7,11210.0,-1477.3644286146289,-3822.2202307337757
5470.338957927818,76.768,283.9166677333333,1.0,0.0,7,11298.958365866667,-1487.0,-3684.0
5475.509166666666,76.833,285.0,1.0,0.0,7,11332.0,-1490.214088840676,-3606.8089304129912
5487.897538570904,76.988,286.94560376352035,1.0,0.0,7,11403.338804662411,-1497.0,-3398.0
5494.629166666666,77.072,288.0,1.0,0.0,7,11442.0,-1499.3196160332031,-3316.191162436132
5507.47361111111,77.232,289.0,1.0,0.0,7,11489.0,-1500.9459419978589,-3229.5994812510535
5520.406944444443,77.392,291.0,1.0,0.0,7,11612.0,-1500.4543193388117,-3168.5726596002833
5528.226584280486,77.488,292.2,1.0,0.0,7,11575.2,-1500.0,-3108.0
5540.006944444443,77.632,294.0,1.0,0.0,7,11520.0,-1499.1094945362574,-2989.756421767805
5541.315997491189,77.648,294.08,1.0,0.0,7,11475.2,-1499.0,-2977.0
5556.395833333331,77.832,295.0,1.0,0.0,7,10960.0,-1497.2921615781631,-2840.2301951767154
5561.014829228852,77.888,295.6363636363636,1.0,0.0,7,10925.50909090909,-1496.0,-2781.0
5580.904505552641,78.127,298.35227054545453,1.0,0.0,7,10778.306936436364,-1487.0,-2448.0
5593.062499999999,78.272,300.0,1.0,0.0,8,10689.0,-1484.8359008985562,-2374.5533699462067
5606.116076615738,78.427,301.40908916363634,1.0,0.0,8,10744.659021963636,-1483.0,-2332.0
5624.718376842928,78.647,303.40908916363634,1.0,0.0,8,10823.659021963636,-1475.0,-2147.0
5630.218055555554,78.712,304.0,1.0,0.0,8,10847.0,-1471.8044829972073,-2084.675147626972
5640.035657021932,78.828,304.57999872,1.0,0.0,8,10847.0,-1466.0,-1978.0
5647.1624999999985,78.912,305.0,1.0,0.0,8,10847.0,-1462.5687474993845,-1912.1476687836152
5660.37905676653,79.067,306.9374976,1.0,0.0,8,10989.4060736,-1456.0,-1792.0
5660.806944444443,79.072,307.0,1.0,0.0,8,10994.0,-1455.71885487231,-1787.3771435621802
5688.016766799933,79.388,309.9624976,1.0,0.0,8,11087.812424,-1433.0,-1450.0
5688.362499999997,79.392,310.0,1.0,0.0,8,11089.0,-1432.764805615247,-1446.628480124043
5722.5949762094615,79.787,311.97499904,1.0,0.0,8,11093.9374976,-1414.0,-1187.0
5723.029166666664,79.792,312.0,1.0,0.0,8,11094.0,-1413.598894292419,-1181.5230738145378
5738.323191223145,79.968,312.62857142857143,1.0,0.0,8,11122.914285714285,-1397.0,-956.0
5747.373611111109,80.072,313.0,1.0,0.0,8,11140.0,-1388.7343121549395,-847.6072623982823
5767.865332498152,80.307,313.83928502857145,1.0,0.0,8,11141.678570057144,-1376.8785240596767,-708.1300862179428
